النوع,الاسم,الوصف,السعر قبل,السعر بعد,الفئة,الصورة,ينتهي,ظاهر,الكود,العرض,الاسم EN,الوصف EN,الفئة EN,العرض EN
منتج,PAMPERS (4) 58PCS PANTS,بامبرز شورت · مقاس 4 · 58 قطعة,500,400,حفاضات وعناية بالطفل,p/17518.webp,,نعم,17518,,,Pampers Pants · Size 4 · 58 pcs,Diapers & Baby Care,
منتج,PAMPERS (5) 58PC مصري,بامبرز عادي · مقاس 5 · 58 قطعة,550,440,حفاضات وعناية بالطفل,p/42408.webp,,نعم,42408,,,Pampers Regular · Size 5 · 58 pcs,Diapers & Baby Care,
منتج,PAMPERS (3) 58PC مصري,بامبرز عادي · مقاس 3 · 58 قطعة,450,360,حفاضات وعناية بالطفل,p/42449.webp,,نعم,42449,,,Pampers Regular · Size 3 · 58 pcs,Diapers & Baby Care,
منتج,PAMPERS (1) 60PCS,بامبرز عادي · مقاس 1 · 60 قطعة,390,312,حفاضات وعناية بالطفل,p/42597.webp,,نعم,42597,,,Pampers Regular · Size 1 · 60 pcs,Diapers & Baby Care,
منتج,PAMPERS (2) 60PCS,بامبرز عادي · مقاس 2 · 60 قطعة,450,360,حفاضات وعناية بالطفل,p/47329.webp,,نعم,47329,,,Pampers Regular · Size 2 · 60 pcs,Diapers & Baby Care,
منتج,PAMPERS 64 WIPES مناديل اطفال,مناديل مبللة بامبرز · 64 منديل,100,80,حفاضات وعناية بالطفل,p/47436.webp,,نعم,47436,,,Pampers baby wipes · 64 wipes,Diapers & Baby Care,
منتج,PAMPERS 6 -  48 PIECE,بامبرز عادي · مقاس 6 · 48 قطعة,500,400,حفاضات وعناية بالطفل,p/49988.webp,,نعم,49988,,,Pampers Regular · Size 6 · 48 pcs,Diapers & Baby Care,
منتج,PAMPERS PREMIUM(6) PC 36PANTS,بامبرز بريميوم شورت · مقاس 6 · 36 قطعة,550,440,حفاضات وعناية بالطفل,p/50000.webp,,نعم,50000,,,Pampers Premium Pants · Size 6 · 36 pcs,Diapers & Baby Care,
منتج,PAMPERS PREMIUM (3) 64PCS,بامبرز بريميوم · مقاس 3 · 64 قطعة,550,440,حفاضات وعناية بالطفل,p/50414.webp,,نعم,50414,,,Pampers Premium · Size 3 · 64 pcs,Diapers & Baby Care,
منتج,PAMPERS PREMIUM (4) 58PCS,بامبرز بريميوم · مقاس 4 · 58 قطعة,550,440,حفاضات وعناية بالطفل,p/50415.webp,,نعم,50415,,,Pampers Premium · Size 4 · 58 pcs,Diapers & Baby Care,
منتج,PAMPERS PREMIUM 1 60 PCS,بامبرز بريميوم · مقاس 1 · 60 قطعة,500,400,حفاضات وعناية بالطفل,p/50639.webp,,نعم,50639,,,Pampers Premium · Size 1 · 60 pcs,Diapers & Baby Care,
منتج,PAMPERS PREMIUM (2)70PCS,بامبرز بريميوم · مقاس 2 · 70 قطعة,550,440,حفاضات وعناية بالطفل,p/50640.webp,,نعم,50640,,,Pampers Premium · Size 2 · 70 pcs,Diapers & Baby Care,
منتج,PAMPERS 6 48PCS شورت,بامبرز شورت · مقاس 6 · 48 قطعة,500,400,حفاضات وعناية بالطفل,p/50643.webp,,نعم,50643,,,Pampers Pants · Size 6 · 48 pcs,Diapers & Baby Care,
منتج,PAMPERS (3) 58 PIC (شورت),بامبرز شورت · مقاس 3 · 58 قطعة,500,400,حفاضات وعناية بالطفل,p/51213.webp,,نعم,51213,,,Pampers Pants · Size 3 · 58 pcs,Diapers & Baby Care,
منتج,PAMPERS (5) 58PANTS,بامبرز شورت · مقاس 5 · 58 قطعة,550,440,حفاضات وعناية بالطفل,p/52387.webp,,نعم,52387,,,Pampers Pants · Size 5 · 58 pcs,Diapers & Baby Care,
منتج,PAMPERS PREMUM 6,بامبرز بريميوم · مقاس 6,550,440,حفاضات وعناية بالطفل,p/52510.webp,,نعم,52510,,,Pampers Premium · Size 6,Diapers & Baby Care,
منتج,PAMPERS PREMIUM 5 50PCS,بامبرز بريميوم · مقاس 5 · 50 قطعة,550,440,حفاضات وعناية بالطفل,p/52511.webp,,نعم,52511,,,Pampers Premium · Size 5 · 50 pcs,Diapers & Baby Care,
منتج,PAMPERS PREMIUM (3)PANTS,بامبرز بريميوم شورت · مقاس 3,550,440,حفاضات وعناية بالطفل,p/53816.webp,,نعم,53816,,,Pampers Premium Pants · Size 3,Diapers & Baby Care,
منتج,PAMPERS PREMIUM PANTS 5 40 PCS,بامبرز بريميوم شورت · مقاس 5 · 40 قطعة,550,440,حفاضات وعناية بالطفل,p/54689.webp,,نعم,54689,,,Pampers Premium Pants · Size 5 · 40 pcs,Diapers & Baby Care,
منتج,PAMPERS PREMIUM PANTS 4 44 PCS,بامبرز بريميوم شورت · مقاس 4 · 44 قطعة,550,440,حفاضات وعناية بالطفل,p/54690.webp,,نعم,54690,,,Pampers Premium Pants · Size 4 · 44 pcs,Diapers & Baby Care,
منتج,PAMPERS SENSITIVE WIPS 56,مناديل مبللة بامبرز سنسيتيف للبشرة الحساسة · 56 منديل,110,88,حفاضات وعناية بالطفل,p/62298.webp,,نعم,62298,,,Pampers Sensitive baby wipes · 56 wipes,Diapers & Baby Care,
منتج,PAMPERS (4) 58PC مصري,بامبرز عادي · مقاس 4 · 58 قطعة,450,360,حفاضات وعناية بالطفل,p/63564.webp,,نعم,63564,,,Pampers Regular · Size 4 · 58 pcs,Diapers & Baby Care,
منتج,PAMPERS 6PANTS 64 DIAPERS,بامبرز شورت · مقاس 6 · 64 قطعة,550,440,حفاضات وعناية بالطفل,,,نعم,64131,,,Pampers Pants · Size 6 · 64 pcs,Diapers & Baby Care,
منتج,MOLFIX (3) 9PCS,مولفيكس عادي · مقاس 3 · 9 قطع,85,68,حفاضات وعناية بالطفل,,,نعم,24807,,,Molfix Regular · Size 3 · 9 pcs,Diapers & Baby Care,
منتج,MOLFIX (1) NEWBORN 11PCS,مولفيكس نيوبورن (حديث الولادة) · مقاس 1 · 11 قطعة,70,56,حفاضات وعناية بالطفل,,,نعم,35665,,,Molfix Newborn · Size 1 · 11 pcs,Diapers & Baby Care,
منتج,MOLFIX (1) 60 PCS,مولفيكس عادي · مقاس 1 · 60 قطعة,400,320,حفاضات وعناية بالطفل,p/35667.webp,,نعم,35667,,,Molfix Regular · Size 1 · 60 pcs,Diapers & Baby Care,
منتج,MOLFIX (2) 60PCS,مولفيكس عادي · مقاس 2 · 60 قطعة,450,360,حفاضات وعناية بالطفل,p/35670.webp,,نعم,35670,,,Molfix Regular · Size 2 · 60 pcs,Diapers & Baby Care,
منتج,MOLFIX (4) 58PCS,مولفيكس عادي · مقاس 4 · 58 قطعة,500,400,حفاضات وعناية بالطفل,p/35675.webp,,نعم,35675,,,Molfix Regular · Size 4 · 58 pcs,Diapers & Baby Care,
منتج,MOLFIX (2) 10PCS,مولفيكس عادي · مقاس 2 · 10 قطع,75,60,حفاضات وعناية بالطفل,,,نعم,39540,,,Molfix Regular · Size 2 · 10 pcs,Diapers & Baby Care,
منتج,MOLFIX (5) 7PCS,مولفيكس عادي · مقاس 5 · 7 قطع,85,68,حفاضات وعناية بالطفل,,,نعم,39542,,,Molfix Regular · Size 5 · 7 pcs,Diapers & Baby Care,
منتج,MOLFIX (4) 8PCS,مولفيكس عادي · مقاس 4 · 8 قطع,85,68,حفاضات وعناية بالطفل,p/39543.webp,,نعم,39543,,,Molfix Regular · Size 4 · 8 pcs,Diapers & Baby Care,
منتج,MOLFIX (4) 58PCS PANTS,مولفيكس شورت · مقاس 4 · 58 قطعة,450,360,حفاضات وعناية بالطفل,p/47312.webp,,نعم,47312,,,Molfix Pants · Size 4 · 58 pcs,Diapers & Baby Care,
منتج,MOLFIX (3) 58PCS PANTS,مولفيكس شورت · مقاس 3 · 58 قطعة,450,360,حفاضات وعناية بالطفل,p/47313.webp,,نعم,47313,,,Molfix Pants · Size 3 · 58 pcs,Diapers & Baby Care,
منتج,MOLFIX (6) 48PCS PANTIS,مولفيكس شورت · مقاس 6 · 48 قطعة,550,440,حفاضات وعناية بالطفل,p/47406.webp,,نعم,47406,,,Molfix Pants · Size 6 · 48 pcs,Diapers & Baby Care,
منتج,MOLFIX (5) 56PCS,مولفيكس عادي · مقاس 5 · 56 قطعة,550,440,حفاضات وعناية بالطفل,,,نعم,48525,,,Molfix Regular · Size 5 · 56 pcs,Diapers & Baby Care,
منتج,MOLFIX (6) 48PCS,مولفيكس عادي · مقاس 6 · 48 قطعة,550,440,حفاضات وعناية بالطفل,,,نعم,50189,,,Molfix Regular · Size 6 · 48 pcs,Diapers & Baby Care,
منتج,MOLFIX 5 PANTS 66,مولفيكس شورت · مقاس 5 · 66 قطعة,550,440,حفاضات وعناية بالطفل,p/50382.webp,,نعم,50382,,,Molfix Pants · Size 5 · 66 pcs,Diapers & Baby Care,
منتج,MOLFIX 5 70 PCS,مولفيكس عادي · مقاس 5 · 70 قطعة,575,460,حفاضات وعناية بالطفل,p/50383.webp,,نعم,50383,,,Molfix Regular · Size 5 · 70 pcs,Diapers & Baby Care,
منتج,MOLFIX 1 PREMIUM 58PCS,مولفيكس بريميوم · مقاس 1 · 58 قطعة,450,360,حفاضات وعناية بالطفل,p/63632.webp,,نعم,63632,,,Molfix Premium · Size 1 · 58 pcs,Diapers & Baby Care,
منتج,MOLFIX 5 PREMIUM 56PCS,مولفيكس بريميوم · مقاس 5 · 56 قطعة,575,460,حفاضات وعناية بالطفل,p/64082.webp,,نعم,64082,,,Molfix Premium · Size 5 · 56 pcs,Diapers & Baby Care,
منتج,MOLFIX 2 PREMIUM 58PCS,مولفيكس بريميوم · مقاس 2 · 58 قطعة,450,360,حفاضات وعناية بالطفل,,,نعم,64509,,,Molfix Premium · Size 2 · 58 pcs,Diapers & Baby Care,
منتج,MOLFIX 6 PREMIUM 46PCS,مولفيكس بريميوم · مقاس 6 · 46 قطعة,550,440,حفاضات وعناية بالطفل,p/64608.webp,,نعم,64608,,,Molfix Premium · Size 6 · 46 pcs,Diapers & Baby Care,
منتج,BABY JOY (4) 58PCS,بيبي جوي عادي · مقاس 4 · 58 قطعة,500,400,حفاضات وعناية بالطفل,p/39059.webp,,نعم,39059,,,Baby Joy Regular · Size 4 · 58 pcs,Diapers & Baby Care,
منتج,BABY JOY (2) 10PCS,بيبي جوي عادي · مقاس 2 · 10 قطع,65,52,حفاضات وعناية بالطفل,,,نعم,39539,,,Baby Joy Regular · Size 2 · 10 pcs,Diapers & Baby Care,
منتج,BABY JOY (3) 58+2,بيبي جوي عادي · مقاس 3 · 58 قطعة + 2 هدية,480,384,حفاضات وعناية بالطفل,p/44983.webp,,نعم,44983,,,Baby Joy Regular · Size 3 · 58 + 2 free,Diapers & Baby Care,
منتج,BABY JOY (5) 58PCS,بيبي جوي عادي · مقاس 5 · 58 قطعة,500,400,حفاضات وعناية بالطفل,p/50306.webp,,نعم,50306,,,Baby Joy Regular · Size 5 · 58 pcs,Diapers & Baby Care,
