التاريخ,المنتج,الموقع,الاسم في الموقع,السعر,السعر قبل,الخصم %,اللينك
2026-10-10 12:39,بامبرز مقاس 4,Amazon,"Pampers Baby-Dry Taped Diapers, Cotton, Size 4, 9-18 kg, 58 count",385.54,457.0,16,https://www.amazon.eg/-/en/Pampers-Baby-Dry-Taped-Diapers-Cotton/dp/B07C9FG66W/ref=sr_1_7?dib=eyJ2IjoiMSJ9.a0sdXYmEXYzRq9A3imZdDh4pdEVxiPlNrJoc8cerOClj34YYjKkWZMEWy4wYvHeEbXqS8oIYxQThsaZeYGP1kUpox-w1tYh4TMs9oLTXv_c9p5i4fAML4BYK8BnDW_fSjEhVz1eAz0JbtA0W7xcExOf1Pgemk7reATLhTOpLBQEZ32UzqA7glZRksGM6QgxEozuT5jSraafaNT_AHxE68PZSg_8ooy--oRoREkCeZUM8o0HQJIT0TpcUASpiKWVgxqILC0RbRKNjgAzYo2e9jUTxpGH8pVbMw_Zcj5mOOno.y_ttEPiK8ucf6hwofrdbST9l0dQ7dUYXq9xO3mbfqDo&dib_tag=se&keywords=pampers+size+4&qid=1791625190&sr=8-7
2026-10-10 12:39,بامبرز مقاس 4,Amazon,"Pampers Premium Extra Care Pants, Size 4, 9-14kg, with lotion with aloe vera, 44 diapers. (Pack may vary)",439.99,461.0,5,https://www.amazon.eg/-/en/Pampers-Premium-9-14kg-lotion-diapers/dp/B07FPQ9F4H/ref=sr_1_3?dib=eyJ2IjoiMSJ9.a0sdXYmEXYzRq9A3imZdDh4pdEVxiPlNrJoc8cerOClj34YYjKkWZMEWy4wYvHeEbXqS8oIYxQThsaZeYGP1kUpox-w1tYh4TMs9oLTXv_c9p5i4fAML4BYK8BnDW_fSjEhVz1eAz0JbtA0W7xcExOf1Pgemk7reATLhTOpLBQEZ32UzqA7glZRksGM6QgxEozuT5jSraafaNT_AHxE68PZSg_8ooy--oRoREkCeZUM8o0HQJIT0TpcUASpiKWVgxqILC0RbRKNjgAzYo2e9jUTxpGH8pVbMw_Zcj5mOOno.y_ttEPiK8ucf6hwofrdbST9l0dQ7dUYXq9xO3mbfqDo&dib_tag=se&keywords=pampers+size+4&qid=1791625190&sr=8-3
2026-10-10 12:39,بامبرز مقاس 4,Amazon,"Pampers Pants Diapers, Size 4, 9-14 kg, with Lotion with Olive Oil, 58 Baby Diapers",449.98,,0,https://www.amazon.eg/-/en/Pampers-Pants-Diapers-Lotion-Olive/dp/B0976ZBC3F/ref=sr_1_10?dib=eyJ2IjoiMSJ9.a0sdXYmEXYzRq9A3imZdDh4pdEVxiPlNrJoc8cerOClj34YYjKkWZMEWy4wYvHeEbXqS8oIYxQThsaZeYGP1kUpox-w1tYh4TMs9oLTXv_c9p5i4fAML4BYK8BnDW_fSjEhVz1eAz0JbtA0W7xcExOf1Pgemk7reATLhTOpLBQEZ32UzqA7glZRksGM6QgxEozuT5jSraafaNT_AHxE68PZSg_8ooy--oRoREkCeZUM8o0HQJIT0TpcUASpiKWVgxqILC0RbRKNjgAzYo2e9jUTxpGH8pVbMw_Zcj5mOOno.y_ttEPiK8ucf6hwofrdbST9l0dQ7dUYXq9xO3mbfqDo&dib_tag=se&keywords=pampers+size+4&qid=1791625190&sr=8-10
2026-10-10 12:39,بامبرز مقاس 4,Amazon,"Pampers Pants Diapers, Size 4, Maxi, 9-14 kg, Jumbo Pack, 52 Count",474.0,,0,https://www.amazon.eg/-/en/Pampers-Pants-Diapers-Jumbo-Count/dp/B07665CPRB/ref=sr_1_12?dib=eyJ2IjoiMSJ9.a0sdXYmEXYzRq9A3imZdDh4pdEVxiPlNrJoc8cerOClj34YYjKkWZMEWy4wYvHeEbXqS8oIYxQThsaZeYGP1kUpox-w1tYh4TMs9oLTXv_c9p5i4fAML4BYK8BnDW_fSjEhVz1eAz0JbtA0W7xcExOf1Pgemk7reATLhTOpLBQEZ32UzqA7glZRksGM6QgxEozuT5jSraafaNT_AHxE68PZSg_8ooy--oRoREkCeZUM8o0HQJIT0TpcUASpiKWVgxqILC0RbRKNjgAzYo2e9jUTxpGH8pVbMw_Zcj5mOOno.y_ttEPiK8ucf6hwofrdbST9l0dQ7dUYXq9xO3mbfqDo&dib_tag=se&keywords=pampers+size+4&qid=1791625190&sr=8-12
2026-10-10 12:39,بامبرز مقاس 4,Amazon,"Pampers Premium EXTRA CARE Taped Diapers, Size 4, 9-18 kg, with Lotion with Aloe Vera, Saving Pack, 80 Baby Diapers",485.0,611.0,21,https://www.amazon.eg/-/en/Pampers-Premium-Diapers-Lotion-Saving/dp/B0BF5BLPG2/ref=sr_1_1?dib=eyJ2IjoiMSJ9.a0sdXYmEXYzRq9A3imZdDh4pdEVxiPlNrJoc8cerOClj34YYjKkWZMEWy4wYvHeEbXqS8oIYxQThsaZeYGP1kUpox-w1tYh4TMs9oLTXv_c9p5i4fAML4BYK8BnDW_fSjEhVz1eAz0JbtA0W7xcExOf1Pgemk7reATLhTOpLBQEZ32UzqA7glZRksGM6QgxEozuT5jSraafaNT_AHxE68PZSg_8ooy--oRoREkCeZUM8o0HQJIT0TpcUASpiKWVgxqILC0RbRKNjgAzYo2e9jUTxpGH8pVbMw_Zcj5mOOno.y_ttEPiK8ucf6hwofrdbST9l0dQ7dUYXq9xO3mbfqDo&dib_tag=se&keywords=pampers+size+4&qid=1791625190&sr=8-1
2026-10-10 12:39,بامبرز مقاس 4,Amazon,"Pampers Pants, Size 4, with Lotion with Olive Oil, 80 Baby Diapers",500.0,540.0,7,https://www.amazon.eg/-/en/Pampers-Pants-Lotion-Olive-Diapers/dp/B097713S53/ref=sr_1_2?dib=eyJ2IjoiMSJ9.a0sdXYmEXYzRq9A3imZdDh4pdEVxiPlNrJoc8cerOClj34YYjKkWZMEWy4wYvHeEbXqS8oIYxQThsaZeYGP1kUpox-w1tYh4TMs9oLTXv_c9p5i4fAML4BYK8BnDW_fSjEhVz1eAz0JbtA0W7xcExOf1Pgemk7reATLhTOpLBQEZ32UzqA7glZRksGM6QgxEozuT5jSraafaNT_AHxE68PZSg_8ooy--oRoREkCeZUM8o0HQJIT0TpcUASpiKWVgxqILC0RbRKNjgAzYo2e9jUTxpGH8pVbMw_Zcj5mOOno.y_ttEPiK8ucf6hwofrdbST9l0dQ7dUYXq9xO3mbfqDo&dib_tag=se&keywords=pampers+size+4&qid=1791625190&sr=8-2
2026-10-10 12:39,بامبرز مقاس 4,Amazon,"Pampers Premium Extra Care Pants, Size 4, 9-14kg, with lotion with aloe vera, 44 diapers. (Pack may vary) +Wipes",788.99,817.0,3,https://www.amazon.eg/-/en/Pampers-Premium-9-14kg-lotion-diapers/dp/B0GFF9TND6/ref=sr_1_32?dib=eyJ2IjoiMSJ9.a0sdXYmEXYzRq9A3imZdDh4pdEVxiPlNrJoc8cerOClj34YYjKkWZMEWy4wYvHeEbXqS8oIYxQThsaZeYGP1kUpox-w1tYh4TMs9oLTXv_c9p5i4fAML4BYK8BnDW_fSjEhVz1eAz0JbtA0W7xcExOf1Pgemk7reATLhTOpLBQEZ32UzqA7glZRksGM6QgxEozuT5jSraafaNT_AHxE68PZSg_8ooy--oRoREkCeZUM8o0HQJIT0TpcUASpiKWVgxqILC0RbRKNjgAzYo2e9jUTxpGH8pVbMw_Zcj5mOOno.y_ttEPiK8ucf6hwofrdbST9l0dQ7dUYXq9xO3mbfqDo&dib_tag=se&keywords=pampers+size+4&qid=1791625190&sr=8-32
2026-10-10 12:39,بامبرز مقاس 4,Amazon,"Pampers Baby-Dry Diapers, Size 4, 10-15kg, Jumbo Pack, 40 Count",789.0,,0,https://www.amazon.eg/-/en/Pampers-Baby-Dry-Diapers-10-15kg-Jumbo/dp/B07FPXSMCZ/ref=sr_1_15?dib=eyJ2IjoiMSJ9.a0sdXYmEXYzRq9A3imZdDh4pdEVxiPlNrJoc8cerOClj34YYjKkWZMEWy4wYvHeEbXqS8oIYxQThsaZeYGP1kUpox-w1tYh4TMs9oLTXv_c9p5i4fAML4BYK8BnDW_fSjEhVz1eAz0JbtA0W7xcExOf1Pgemk7reATLhTOpLBQEZ32UzqA7glZRksGM6QgxEozuT5jSraafaNT_AHxE68PZSg_8ooy--oRoREkCeZUM8o0HQJIT0TpcUASpiKWVgxqILC0RbRKNjgAzYo2e9jUTxpGH8pVbMw_Zcj5mOOno.y_ttEPiK8ucf6hwofrdbST9l0dQ7dUYXq9xO3mbfqDo&dib_tag=se&keywords=pampers+size+4&qid=1791625190&sr=8-15
2026-10-10 12:39,بامبرز مقاس 4,Amazon,"Pampers Premium EXTRA CARE Taped Diapers, Size 4, 9-18 kg, with Lotion with Aloe Vera, 58 Baby Diapers +Wipes",809.0,840.0,4,https://www.amazon.eg/-/en/Pampers-Premium-EXTRA-Diapers-Lotion/dp/B0GFFSSFCQ/ref=sr_1_28?dib=eyJ2IjoiMSJ9.a0sdXYmEXYzRq9A3imZdDh4pdEVxiPlNrJoc8cerOClj34YYjKkWZMEWy4wYvHeEbXqS8oIYxQThsaZeYGP1kUpox-w1tYh4TMs9oLTXv_c9p5i4fAML4BYK8BnDW_fSjEhVz1eAz0JbtA0W7xcExOf1Pgemk7reATLhTOpLBQEZ32UzqA7glZRksGM6QgxEozuT5jSraafaNT_AHxE68PZSg_8ooy--oRoREkCeZUM8o0HQJIT0TpcUASpiKWVgxqILC0RbRKNjgAzYo2e9jUTxpGH8pVbMw_Zcj5mOOno.y_ttEPiK8ucf6hwofrdbST9l0dQ7dUYXq9xO3mbfqDo&dib_tag=se&keywords=pampers+size+4&qid=1791625190&sr=8-28
2026-10-10 12:39,بامبرز مقاس 4,Amazon,"Pampers Premium EXTRA CARE Taped Diapers, Size 4, 9-18 kg, with Lotion with Aloe Vera, Saving Pack, 80 Baby Diapers +Wipes",834.0,967.0,14,https://www.amazon.eg/-/en/Pampers-Premium-Diapers-Lotion-Saving/dp/B0GFFJ6ZWV/ref=sr_1_33?dib=eyJ2IjoiMSJ9.a0sdXYmEXYzRq9A3imZdDh4pdEVxiPlNrJoc8cerOClj34YYjKkWZMEWy4wYvHeEbXqS8oIYxQThsaZeYGP1kUpox-w1tYh4TMs9oLTXv_c9p5i4fAML4BYK8BnDW_fSjEhVz1eAz0JbtA0W7xcExOf1Pgemk7reATLhTOpLBQEZ32UzqA7glZRksGM6QgxEozuT5jSraafaNT_AHxE68PZSg_8ooy--oRoREkCeZUM8o0HQJIT0TpcUASpiKWVgxqILC0RbRKNjgAzYo2e9jUTxpGH8pVbMw_Zcj5mOOno.y_ttEPiK8ucf6hwofrdbST9l0dQ7dUYXq9xO3mbfqDo&dib_tag=se&keywords=pampers+size+4&qid=1791625190&sr=8-33
2026-10-10 12:39,بامبرز مقاس 4,Amazon,"Pampers Premium Extra Care Pants, Size 4, 44 Diapers + Size 5, 40 Diapers",879.98,922.0,5,https://www.amazon.eg/-/en/Pampers-Premium-Extra-Pants-Diapers/dp/B0DJT8WFK7/ref=sr_1_17?dib=eyJ2IjoiMSJ9.a0sdXYmEXYzRq9A3imZdDh4pdEVxiPlNrJoc8cerOClj34YYjKkWZMEWy4wYvHeEbXqS8oIYxQThsaZeYGP1kUpox-w1tYh4TMs9oLTXv_c9p5i4fAML4BYK8BnDW_fSjEhVz1eAz0JbtA0W7xcExOf1Pgemk7reATLhTOpLBQEZ32UzqA7glZRksGM6QgxEozuT5jSraafaNT_AHxE68PZSg_8ooy--oRoREkCeZUM8o0HQJIT0TpcUASpiKWVgxqILC0RbRKNjgAzYo2e9jUTxpGH8pVbMw_Zcj5mOOno.y_ttEPiK8ucf6hwofrdbST9l0dQ7dUYXq9xO3mbfqDo&dib_tag=se&keywords=pampers+size+4&qid=1791625190&sr=8-17
2026-10-10 12:39,بامبرز مقاس 4,Amazon,"Pampers Premium Extra Care Pants, Size 3, 56 Diapers + Size 4, 44 Diapers",889.99,922.0,3,https://www.amazon.eg/-/en/Pampers-Premium-Extra-Pants-Diapers/dp/B0DJTDP6LX/ref=sr_1_43?dib=eyJ2IjoiMSJ9.a0sdXYmEXYzRq9A3imZdDh4pdEVxiPlNrJoc8cerOClj34YYjKkWZMEWy4wYvHeEbXqS8oIYxQThsaZeYGP1kUpox-w1tYh4TMs9oLTXv_c9p5i4fAML4BYK8BnDW_fSjEhVz1eAz0JbtA0W7xcExOf1Pgemk7reATLhTOpLBQEZ32UzqA7glZRksGM6QgxEozuT5jSraafaNT_AHxE68PZSg_8ooy--oRoREkCeZUM8o0HQJIT0TpcUASpiKWVgxqILC0RbRKNjgAzYo2e9jUTxpGH8pVbMw_Zcj5mOOno.y_ttEPiK8ucf6hwofrdbST9l0dQ7dUYXq9xO3mbfqDo&dib_tag=se&keywords=pampers+size+4&qid=1791625190&sr=8-43
